"MB_pct","ALB_pct","CKM_pct","HBB_pct","HBA1_pct","sample","blood_pct","muscle_pct","B_M_ratio"
30.6889459951009,2.79430929323814,16.0874685321687,10.3534812541367,8.39907995655394,"S10D_T1",21.5468705039288,46.7764145272696,0.460635359116022
23.0089287737287,4.82736348782151,20.7757092162786,8.52683831026417,7.19592968511711,"S10D_T2",20.5501314832028,43.7846379900073,0.469345698093766
28.9188727388132,3.0825611600713,16.683965041623,12.0919022825477,9.88326310084715,"S10E_T1",25.0577265434662,45.6028377804362,0.549477351916376
25.5290414317448,3.78904720197475,14.1081544754379,16.7954219945689,11.2327782299677,"S10E_T2",31.8172474265114,39.6371959071827,0.80271186440678
25.3376151391003,3.87716526960729,20.9162863228815,8.09443275584681,7.82235098254103,"S11D_T1",19.7939490079951,46.2539014619817,0.427941176470588
16.9504349515342,4.80291538440576,14.4087461532173,16.7751460688917,14.7242661419739,"S11D_T2",36.3023275952713,31.3591811047515,1.157629960872
22.3977446650469,4.79541456290106,12.7207703674561,14.5011039177547,13.9985904156543,"S11E_T1",33.2951088963101,35.118515032503,0.948078495502862
20.090012595138,7.80770944038317,12.678015524053,15.1283882723994,12.1148863831287,"S11E_T2",35.0509840959112,32.768028119191,1.06967022758941
26.041514643765,2.73624610387385,15.0776595654842,13.2849466008772,9.6051673577365,"S12D_T1",25.6263600624875,41.1191742092492,0.623221661312529
26.075580544761,5.74024932825642,12.9291420201107,14.4140014677985,12.1504962121768,"S12D_T2",32.3047470082317,39.0047225648717,0.828226555246054
20.8758031567365,2.36329847057394,13.6283545136431,7.08989541172183,5.69161048329891,"S12E_T1",15.1448043655947,34.5041576703796,0.438926940639269
14.2224381936224,4.50800496315708,7.04772606916108,20.4870835884322,14.5187389893228,"S12E_T2",39.5138275409121,21.2701642627834,1.85771144278607
30.5254924085367,4.11359576842313,18.9355995689319,8.61896256241037,7.60688741303642,"S13D_T1",20.3394457438699,49.4610919774686,0.411221122112211
23.9820656237697,3.97155226890454,16.0389610859606,13.5949289204809,11.3494743684464,"S13D_T2",28.9159555578319,40.0210267097304,0.722519083969466
19.7037765265085,2.33695954151613,11.8375401612745,12.3110417677255,10.2337443974889,"S13E_T1",24.8817457067305,31.541316687783,0.788861985472155
23.2425091072204,6.36015946887505,14.4319765851811,12.8104061823517,11.3149579219647,"S13E_T2",30.4855235731915,37.6744856924015,0.809182209469154
28.1253675750007,2.32703934102685,17.4109418321433,5.54136706388408,6.31146641415195,"S14D_T1",14.1798728190629,45.5363094071441,0.311397058823529
28.7482260125491,3.61149589282648,15.236559786651,11.3555492749569,9.00178827017942,"S14D_T2",23.9688334379628,43.9847857992001,0.544934640522876
24.4967013923465,3.96700313592477,13.7108403315372,13.0710011160655,11.1514834696503,"S14E_T1",28.1894877216406,38.2075417238838,0.737799043062201
17.7429073983476,3.26595109633301,13.4720482723737,16.1727386020337,12.9538925695901,"S14E_T2",32.3925822679568,31.2149556707213,1.03772635814889
13.288111917767,1.73054480789524,7.46416304504264,12.2659494625541,8.74780891903086,"S15D_T1",22.7443031894802,20.7522749628096,1.09599083619702
13.7007642354023,1.33485594992737,8.2415908254091,4.89564583218745,5.8113781461218,"S15D_T2",12.0418799282366,21.9423550608114,0.548796147672552
17.4360877194665,2.2469185205498,9.23932895650079,11.0368637729406,7.01038578411538,"S15E_T1",20.2941680776058,26.6754166759673,0.76078167115903
11.1937154677526,2.09228326500049,8.26451889675193,9.31066052925217,7.77631946825181,"S15E_T2",19.1792632625045,19.4582343645045,0.985663082437276
13.3612728843946,4.91937774379982,7.21508735757307,22.3497655520782,20.2848415608536,"S16D_T1",47.5539848567316,20.5763602419676,2.31109799291617
17.6117165376501,6.11517935335073,13.9752232155242,15.9973091883655,16.4702163916913,"S16D_T2",38.5827049334075,31.5869397531743,1.22147651006711
18.0750151361075,5.30314123332965,9.51496079806414,11.6805522341827,15.5513337774812,"S16E_T1",32.5350272449935,27.5899759341716,1.17923362175525
25.0858039195205,4.18096731992008,14.979808626228,8.55306457446508,9.93875660049574,"S16E_T2",22.6727884948809,40.0656125457485,0.565891472868217
16.4714177309443,1.39557830229456,10.6315514445186,6.7982033180443,4.68686704525962,"S17D_T1",12.8806486655985,27.102969175463,0.47524861878453
24.5877585237093,4.40456969237669,12.6830380298558,12.9129954836746,12.2938792618546,"S17D_T2",29.611444437906,37.270796553565,0.794494542002848
25.2645977359328,4.01556520306216,12.5151782162104,14.8408597296506,15.1587586415597,"S17E_T1",34.0151835742724,37.7797759521432,0.900354295837024
28.1498813543558,3.2493998847312,16.5771523531207,11.4510937114324,8.42758793633493,"S17E_T2",23.1280815324985,44.7270337074765,0.517094017094017
5.93001579237316,2.15293566984248,8.85725288733443,21.1516486861718,17.2045999581272,"S18D_T1",40.5091843141415,14.7872686797076,2.73946360153257
7.97298611602694,1.3460098233901,8.21551040852966,7.1847821653931,6.30563160507074,"S18D_T2",14.8364235938539,16.1884965245566,0.916479400749064
4.22818808905373,1.23221481452423,8.25503388815251,17.1140946461698,6.72483248449497,"S18E_T1",25.071141945189,12.4832219772062,2.00838709677419
12.481422568654,2.0523144492082,11.2528261636858,7.2040425564043,4.66308180976557,"S18E_T2",13.9194388153781,23.7342487323397,0.586470588235294
8.26211254230905,2.31133241837804,7.9017711853236,15.3659850085935,11.7368327703829,"S20D_T1",29.4141501973544,16.1638837276327,1.81974522292994
4.25981045990597,2.49354758628642,4.84856475111249,18.3899134488624,8.76204915736757,"S20D_T2",29.6455101925164,9.10837521101846,3.25475285171103
8.94456992324798,1.93343323668461,9.56951804015613,8.67115512210066,8.20244403441954,"S20E_T1",18.8070323932048,18.5140879634041,1.01582278481013
8.85229108340277,2.67883056968332,12.0634162803234,8.44728430180918,6.53796661715368,"S20E_T2",17.6640814886462,20.9157073637262,0.844536652835408
7.17818040055088,1.39245905514446,6.47655374485794,7.63693629081166,6.50353938546152,"S21D_T1",15.5329347314176,13.6547341454088,1.13754940711462
9.67625470632502,2.15981930987596,7.56267006057485,13.8373744776457,10.6669975090204,"S21D_T2",26.6641912965421,17.2389247668999,1.54674329501916
6.35227349430993,1.22315053454266,9.5284102414649,4.76420512073245,3.16600014051511,"S21E_T1",9.15335579579022,15.8806837357748,0.576382978723404
9.74586241268516,1.05160521474262,10.8715243326913,3.37698576001857,2.92375872380555,"S21E_T2",7.35234969856674,20.6173867453765,0.356609195402299
10.0747949443305,3.25949248198929,9.37440813001879,7.43487541346318,7.73119291182584,"S23D_T1",18.4255608072783,19.4492030743493,0.947368421052632
17.7662096941085,3.28890041050106,14.1699354134672,11.0654593250503,8.45278142885787,"S23D_T2",22.8071411644092,31.9361451075757,0.714148219441771
11.8831147390854,2.16895686499812,10.0948790259221,5.12243004286789,3.63415644933195,"S23E_T1",10.925543357198,21.9779937650075,0.497112860892388
7.08923122087533,4.88912497991402,7.78767764657733,15.4705883292994,8.73058032127503,"S23E_T2",29.0902936304884,14.8769088674527,1.95539906103286
10.4984889939449,1.41269990148936,13.111016209028,6.33779750325706,4.34453599841591,"S24D_T1",12.0950334031623,23.6095052029729,0.512295081967213
9.86801537603491,4.1618420286195,11.1244205167502,15.6003638305486,13.1399037633144,"S24D_T2",32.9021096224824,20.9924358927851,1.56733167082294
24.8568194431287,2.95502810025766,12.5056048130026,8.52233809478699,5.95946105903583,"S24E_T1",17.4368272540805,37.3624242561314,0.466694214876033
8.28427291315962,2.94146430308663,7.66386480953093,12.9555809875404,11.1673458653165,"S24E_T2",27.0643911559435,15.9481377226906,1.69702517162471
21.7191575704196,2.38322283192658,12.6784244930774,9.97690366227402,7.24863510047255,"S25D_T1",19.6087615946732,34.397582063497,0.570062208398134
12.026044379658,4.27786696626673,4.12508600318577,17.8753726804717,18.0499794954213,"S25D_T2",40.2032191421597,16.1511303828438,2.48918918918919
10.0124330262665,2.70906971671656,4.90098073057491,17.1684662402348,13.7708538319221,"S25E_T1",33.6483897888735,14.9134137568414,2.25625
23.0959620261552,3.67950375416688,9.62331751089798,8.03830050910302,6.1891140070089,"S25E_T2",17.9069182702788,32.7192795370531,0.547289504036909
10.7203323488852,2.59810407514159,12.5701151855556,10.7203323488852,7.94565809387962,"S26D_T1",21.2640945179064,23.2904475344408,0.912996389891697
12.5644152044873,2.19966249189042,13.5254327980317,9.14746376077406,11.603397610943,"S26D_T2",22.9505238636075,26.089848002519,0.879672578444748
7.64460186896036,2.37308731003272,7.8257535720163,17.9702489431485,10.2169560523546,"S26E_T1",30.5602923055359,15.4703554409767,1.97540983606557
11.7089625062888,2.49602345900189,10.9220698647371,11.8348653289371,7.1764608909512,"S26E_T2",21.5073496788902,22.6310323710259,0.950347705146036
28.7250855227329,3.60673719567947,14.5557608254207,5.76433891095201,4.79824859068073,"S27D_T1",14.1693246973122,43.2808463481537,0.327380952380952
14.6086462231726,1.8105396648932,13.0933877053436,4.3126588584366,2.96446730539381,"S27D_T2",9.08766582872361,27.7020339285162,0.32805049088359
9.45581218043666,1.69762242069828,7.4651148792921,5.75090331441761,4.96015410868519,"S27E_T1",12.4086798438011,16.9209270597288,0.733333333333333
21.5136119270136,3.40295738255711,11.6219646200891,9.60326108806371,9.83397006315233,"S27E_T2",22.8401885337732,33.1355765471027,0.689295039164491
11.0643647815882,7.88473835764339,5.58732042126711,13.9683010531678,15.9716494936879,"S28D_T1",37.824688904499,16.6516852028553,2.27152317880795
16.6485490593023,2.61218079606518,7.03459819407141,7.40977676442189,3.99096204210318,"S28D_T2",14.0129196025902,23.6831472533737,0.591683168316832
19.0514612591565,3.05102012121043,7.03545735712907,6.23439043032725,7.90618227756584,"S28E_T1",17.1915928291035,26.0869186162855,0.659012016021362
15.954927462169,2.50077232949358,11.3284986526059,8.32757185721361,6.87712390610734,"S28E_T2",17.7054680928145,27.2834261147749,0.648945921173236
14.1176277990248,2.09585770720091,6.75380342237298,7.75598070440252,7.71240777909689,"S29D_T1",17.5642461907003,20.8714312213978,0.841544885177453
15.6099711604987,2.89987606538908,14.4993803269454,7.92838456175525,5.12105773249561,"S29D_T2",15.9493183596399,30.1093514874441,0.529713114754098
14.8392596595369,2.60883758530568,10.770430398051,10.9413896107185,6.87256034923253,"S29E_T1",20.4227875452567,25.6096900575879,0.797463284379172
12.1045667431949,4.21733648674127,15.2472934520646,13.5644139886054,15.4703256701134,"S29E_T2",33.25207614546,27.3518601952595,1.21571534469978
23.6739205554579,4.18315877776051,16.5717443888205,6.89531666663821,7.88364538885635,"S2D_T1",18.9621208332551,40.2456649442783,0.471159337521416
22.0065952870212,6.62235506322397,12.9594394468014,11.716474342627,12.0628744536264,"S2D_T2",30.4017038594774,34.9660347338226,0.86946386946387
14.3344230782462,3.62311008513153,7.93472395591111,15.3502483357598,19.0749409466426,"S2E_T1",38.0482993675339,22.2691470341574,1.70856563608718
29.4953100542261,3.89812389158867,16.896810784833,11.738836966305,10.6568482055219,"S2E_T2",26.2938090634156,46.3921208390591,0.566773162939297
16.8226879948387,3.19683479029646,11.1365146383278,7.33699787936891,10.61244336123,"S30D_T1",21.1462760308954,27.9592026331665,0.756326148078726
9.5473744877646,2.60537241577221,6.44978187617875,11.4568493853175,6.70437852918581,"S30D_T2",20.7666003302755,15.9971563639433,1.29814323607427
10.965199965397,2.74602637064468,4.82090688133834,3.14304223146078,5.34080860383561,"S30E_T1",11.2298772059411,15.7861068467354,0.711377245508982
11.5409121212476,4.66865377073121,7.69394141416504,11.2047690497549,9.78549830345263,"S30E_T2",25.6589211239388,19.2348535354126,1.33398058252427
15.7914079589941,2.57297816247292,8.68134616651169,8.05283241689998,6.48154804287072,"S31D_T1",17.1073586222436,24.4727541255058,0.699036918138042
4.18933133765068,1.84730565265753,5.8419067648144,5.8419067648144,1.63678648996151,"S31D_T2",9.32599890743344,10.0312381024651,0.929695697796432
7.1978738670019,1.95857936275789,3.97777240018526,3.6822807361715,4.394491413538,"S31E_T1",10.0353515124674,11.1756462671872,0.897966101694915
10.4313431615289,2.4351916091374,8.46865141685096,9.72259336483962,13.8478806430052,"S31E_T2",26.0056656169822,18.8999945783798,1.37596153846154
15.5916958745325,3.00066599849493,9.06083458369057,13.7383433460503,10.4434944065265,"S32D_T1",27.1825037510717,24.652530458223,1.10262529832936
21.8992440772575,3.76326815696561,14.6491059895441,11.0771904507293,12.140260551567,"S32D_T2",26.9807191592619,36.5483500668016,0.738219895287958
19.5292157648509,4.32563003389688,11.9730519081703,16.8462300476237,15.1123277133613,"S32E_T1",36.2841877948819,31.5022676730212,1.15179606025492
16.3824448562242,2.41322241594679,9.17220715004167,7.01404076179657,3.29610866568342,"S32E_T2",12.7233718434268,25.5546520062658,0.4978886756238
14.2653736271941,2.99424248529126,9.28735262187117,4.23503279557325,5.98105508848503,"S33D_T1",13.2103303693495,23.5527262490653,0.560883280757098
20.5529833118736,2.19598839552459,12.0809946550447,7.95204711471299,7.49327516578724,"S33D_T2",17.6413106760248,32.6339779669183,0.54058106841612
19.746829579369,3.5182301928227,11.7545494303556,14.3983062226501,13.7271987292215,"S33E_T1",31.6437351446943,31.5013790097246,1.00451904454487
7.30355376244126,1.41202039407198,3.03271375278513,1.65895006889737,1.6102597104811,"S33E_T2",4.68123017345044,10.3362675152264,0.452893674293405
10.2258726732862,1.90218563710705,6.19618556050817,4.80962655396088,10.2258726732862,"S35D_T1",16.9376848643541,16.4220582337944,1.03139841688654
14.1621749925823,3.22253083663549,8.73475463614357,14.3741836002557,10.8760415736448,"S35D_T2",28.472756010536,22.8969296287259,1.24351851851852
14.9652037073782,2.45594600719244,14.9192981745335,8.05642101424808,7.55146015295618,"S35E_T1",18.0638271743967,29.8845018819117,0.604454685099846
17.7402744017628,4.62369201965246,6.57763718276919,18.4173841117537,17.0438187000578,"S35E_T2",40.084894831464,24.317911584532,1.64836913285601
23.386174306392,3.44414567057773,12.2245911147049,9.22690877179466,16.2640212221726,"S36D_T1",28.935075664545,35.6107654210969,0.812537313432836
11.2837493543157,3.20312884896703,3.97271175423833,5.56387640973169,3.65031891554359,"S36D_T2",12.4173241742423,15.256461108554,0.813905930470348
21.5671228670595,2.65932464452029,17.179237203601,7.84500770133484,7.55248199043761,"S36E_T1",18.0568143362927,38.7463600706606,0.466026080988332
9.82872278661987,2.30674106216589,6.66949046234919,5.1650941174584,5.36568029677717,"S36E_T2",12.8375154764015,16.4982132489691,0.778115501519757
18.4716881819066,2.82394395241713,14.2937984988785,14.0230093527563,10.5607766987654,"S37D_T1",27.4077300039389,32.7654866807851,0.836481700118064
13.3600586406597,4.35050408390997,12.1104457654941,22.0610668084796,16.0444122243488,"S37D_T2",42.4559831167384,25.4705044061538,1.66686856450636
20.8536436078138,3.76755827847837,13.443648912504,18.0731577934387,13.4853561997196,"S37E_T1",35.3260722716366,34.2972925203178,1.02999594649372
24.3517737210895,3.00198589837568,18.2848231991973,11.693049967799,9.80368821357654,"S37E_T2",24.4987240797512,42.6365969202868,0.574593796159527
25.2034337053573,2.86238997082273,13.8438860852998,9.68531952391589,8.85720670216843,"S3D_T1",21.404916196907,39.0473197906572,0.548178884278469
23.929600172814,4.12579313324379,19.308711863581,10.0504320725819,9.27478296353205,"S3D_T2",23.4510081693577,43.238312036395,0.54236641221374
26.2253624183404,3.3695617167807,13.4146702309571,12.6199622788862,11.6663127364011,"S3E_T1",27.655836732068,39.6400326492975,0.697674418604651
26.4539505286554,4.19506434418915,13.5243865424605,11.8651446749827,11.7242656484988,"S3E_T2",27.7844746676707,39.978337071116,0.694988253719655
2.73514497486154,9.97291128018105,1.83659554268681,19.3533723853018,22.5131066522899,"S4D_T1",51.8393903177728,4.57174051754834,11.3390928725702
17.2025029095875,7.32493672279211,13.2348288514085,16.5088535987171,14.7053653904539,"S4D_T2",38.539155711963,30.437331760996,1.2661804922516
13.5536261523685,2.4194514622079,17.7348141161841,12.1677267711038,8.40935556767405,"S4E_T1",22.9965338009857,31.2884402685526,0.734984984984985
14.1844441450845,3.57782938185494,12.2559687335882,9.46475432221201,5.15105932281244,"S4E_T2",18.1936430268794,26.4404128786727,0.68809980806142
15.8093018412757,2.2120845965328,21.5120153424291,9.74128996638298,9.98482221554255,"S5D_T1",21.9381967784583,37.3213171837048,0.587819467101686
19.6748274597113,4.58054576796405,12.5734444234718,17.3691836167764,12.2813962033667,"S5D_T2",34.2311255881072,32.2482718831831,1.06148713060057
17.8799603029264,3.61960171986072,12.1961680440287,16.8624015864997,15.4087462773187,"S5E_T1",35.8907495836792,30.0761283469551,1.19333011116481
22.5026067782246,2.23196587556374,16.3006688125188,7.8118805644731,6.45806519732788,"S5E_T2",16.5019116373647,38.8032755907435,0.425271098538425
25.3882504249223,4.15172565772259,13.3811014004296,7.73594924712339,8.69174220429693,"S6D_T1",20.5794171091429,38.769351825352,0.530816640986133
16.605187518464,2.75820904254065,18.6327683101923,6.85182474446094,5.31366000590849,"S6D_T2",14.9236937929101,35.2379558286563,0.423511904761905
33.5017212547297,3.25624206588027,20.1949628124305,6.91951438999557,6.74730928074228,"S6E_T1",16.9230657366181,53.6966840671602,0.315160349854227
27.7090976979008,2.79290111716937,15.0420816074319,7.30112732992306,4.61818294965013,"S7D_T1",14.7122113967426,42.7511793053326,0.344135802469136
27.430833612591,2.7430833612591,18.4006832773512,9.45062296725762,6.08684191111507,"S7D_T2",18.2805482396318,45.8315168899421,0.398864132809087
20.6466608514375,3.12042029622074,11.4943888509748,4.68423370102421,4.90042910260994,"S7E_T1",12.7050830998549,32.1410497024123,0.395291479820628
30.7066312868079,5.32121126026049,17.8518055182933,7.72433892618459,6.90422392908351,"S7E_T2",19.9497741155286,48.5584368051011,0.410840534171249
27.0854693024639,3.9213291378194,16.7161814277146,10.3288618011635,7.35754539260959,"S8D_T1",21.6077363315925,43.8016507301785,0.493308721735118
16.2648146949472,2.43357680826162,14.8718582727099,5.03922470397607,3.72001303350429,"S8D_T2",11.192814545742,31.136672967657,0.359473684210526
22.5946429343015,4.88962194750119,19.9468332154381,11.9680999292628,11.0854966896417,"S8E_T1",27.9432185664057,42.5414761497396,0.656846473029046
26.650429905672,5.41146133962499,17.3736390377434,9.92779373585337,11.1891117924577,"S8E_T2",26.528366867936,44.0240689434153,0.602587800369686
28.6960047246934,4.44850728264897,12.6563164942971,14.4106573944967,12.906936622897,"S9D_T1",31.7661013000427,41.3523212189905,0.768181818181818
21.8833714895994,4.85458700861227,11.4699050566176,18.7392089192546,18.2361429079995,"S9D_T2",41.8299388358664,33.353276546217,1.25414781297134
24.7560134286153,5.41177967974382,12.6370812734443,13.7741307274331,14.0763843797592,"S9E_T1",33.2622947869361,37.3930947020597,0.889530408006158
18.7158868478106,3.01131376981066,15.7045730779999,15.7236320259101,9.87253501748052,"S9E_T2",28.6074808132013,34.4204599258105,0.831118493909191
