sample,pct_missing,miss_flag,mahal_dist,pca_flag,sample_median,mad_deviation,mad_flag,n_flags,consensus_outlier
S10D_T1,2.894528152260111,FALSE,1.6576998932164038,FALSE,20.73892431577871,0.13375131589536693,FALSE,0,FALSE
S10D_T2,1.5860428231562251,FALSE,1.977741535771405,FALSE,20.775547620082257,0.0971280115918205,FALSE,0,FALSE
S10E_T1,1.3481363996827915,FALSE,2.4086022448170668,FALSE,20.65403546815563,0.2186401635184474,FALSE,0,FALSE
S10E_T2,1.387787470261697,FALSE,1.4747740456227032,FALSE,20.819094619900707,0.053581011773371046,FALSE,0,FALSE
S11D_T1,3.013481363996828,FALSE,1.8414668301877155,FALSE,20.730656704533022,0.14201892714105568,FALSE,0,FALSE
S11D_T2,2.775574940523394,FALSE,1.5777259405001711,FALSE,20.747144817899606,0.12553081377447128,FALSE,0,FALSE
S11E_T1,2.5773195876288657,FALSE,1.7983742577495052,FALSE,20.71397797302749,0.15869765864658802,FALSE,0,FALSE
S11E_T2,0.9119746233148296,FALSE,3.2479640020698053,FALSE,20.722341441113702,0.15033419056037545,FALSE,0,FALSE
S12D_T1,3.2117367168913558,FALSE,1.7966916097853585,FALSE,20.60964137612093,0.26303425555314774,FALSE,0,FALSE
S12D_T2,0.9119746233148296,FALSE,1.9890575703577948,FALSE,20.680030661075,0.19264497059907626,FALSE,0,FALSE
S12E_T1,9.793814432989691,FALSE,1.4805216262605554,FALSE,20.95304900742166,0.08037337574758396,FALSE,0,FALSE
S12E_T2,14.076130055511499,FALSE,0.5928723190958118,FALSE,21.05589736611294,0.18322173443886314,FALSE,0,FALSE
S13D_T1,2.4187153053132437,FALSE,2.6009233113464547,FALSE,20.779566277376148,0.09310935429792977,FALSE,0,FALSE
S13D_T2,3.6478984932593184,FALSE,1.0917657736155533,FALSE,20.787537044906827,0.0851385867672505,FALSE,0,FALSE
S13E_T1,13.838223632038066,FALSE,1.0363993458742544,FALSE,21.253497241289438,0.38082160961536005,FALSE,0,FALSE
S13E_T2,2.260111022997621,FALSE,2.645761502185808,FALSE,20.872675631674078,0,FALSE,0,FALSE
S14D_T1,8.564631245043616,FALSE,0.7390483674959526,FALSE,20.95303150261538,0.08035587094130392,FALSE,0,FALSE
S14D_T2,3.44964314036479,FALSE,1.2720878254146823,FALSE,20.618630153747663,0.2540454779264145,FALSE,0,FALSE
S14E_T1,4.3219666931007135,FALSE,1.0070277883185184,FALSE,20.680030661075,0.19264497059907626,FALSE,0,FALSE
S14E_T2,7.613005551149881,FALSE,1.0262073444616615,FALSE,20.90976493133815,0.03708929966407126,FALSE,0,FALSE
S15D_T1,15.820777160983345,FALSE,2.4906083620637416,FALSE,21.359175278423834,0.4864996467497562,FALSE,0,FALSE
S15D_T2,16.653449643140362,FALSE,2.9847035937682733,FALSE,21.293337490103156,0.420661858429078,FALSE,0,FALSE
S15E_T1,6.9389373513084855,FALSE,0.5852302569395258,FALSE,20.834607610931553,0.03806802074252502,FALSE,0,FALSE
S15E_T2,13.322759714512292,FALSE,1.0545504039018052,FALSE,21.262124691913147,0.38944906023906967,FALSE,0,FALSE
S16D_T1,14.948453608247423,FALSE,0.8837983850671738,FALSE,21.25925650827901,0.38658087660493123,FALSE,0,FALSE
S16D_T2,2.299762093576527,FALSE,1.0104594802204652,FALSE,20.771528962788363,0.10114666888571477,FALSE,0,FALSE
S16E_T1,14.948453608247423,FALSE,1.4458481864266282,FALSE,21.44253099481025,0.569855363136174,FALSE,0,FALSE
S16E_T2,13.639968279143536,FALSE,0.48582900605413715,FALSE,20.90976493133815,0.03708929966407126,FALSE,0,FALSE
S17D_T1,19.547977795400477,FALSE,4.93737229941524,FALSE,21.66275224544301,0.7900766137689317,TRUE,1,FALSE
S17D_T2,3.608247422680412,FALSE,1.2271033453748046,FALSE,20.771528962788363,0.10114666888571477,FALSE,0,FALSE
S17E_T1,4.559873116574147,FALSE,1.068325435720086,FALSE,20.75531874471416,0.11735688695991797,FALSE,0,FALSE
S17E_T2,1.5463917525773196,FALSE,0.9320109326413801,FALSE,20.722341441113702,0.15033419056037545,FALSE,0,FALSE
S18D_T1,14.23473433782712,FALSE,3.5296962139498644,FALSE,21.432371132167475,0.5596955004933974,FALSE,0,FALSE
S18D_T2,16.77240285487708,FALSE,3.4835101052676816,FALSE,21.359175278423834,0.4864996467497562,FALSE,0,FALSE
S18E_T1,13.322759714512292,FALSE,0.7127791146537441,FALSE,21.203589263693416,0.3309136320193389,FALSE,0,FALSE
S18E_T2,13.16415543219667,FALSE,2.7545516544104203,FALSE,21.250606066151224,0.3779304344771468,FALSE,0,FALSE
S20D_T1,17.88263283108644,FALSE,1.801384053477196,FALSE,21.310080747460507,0.4374051157864294,FALSE,0,FALSE
S20D_T2,11.578112609040444,FALSE,0.8119896700499734,FALSE,21.10149421196414,0.22881858029006352,FALSE,0,FALSE
S20E_T1,9.674861221252975,FALSE,0.429664263625079,FALSE,20.99851539306396,0.12583976138988362,FALSE,0,FALSE
S20E_T2,13.402061855670103,FALSE,1.9619075265990904,FALSE,21.29894019415672,0.42626456248264333,FALSE,0,FALSE
S21D_T1,22.60111022997621,FALSE,6.9089478377799605,FALSE,21.78556323562111,0.9128876039470342,TRUE,1,FALSE
S21D_T2,11.141950832672483,FALSE,0.613790818118994,FALSE,21.088612926418058,0.2159372947439806,FALSE,0,FALSE
S21E_T1,18.43774781919112,FALSE,4.066200805687967,FALSE,21.540378285014388,0.6677026533403101,FALSE,0,FALSE
S21E_T2,21.96669310071372,FALSE,6.848307413699581,FALSE,21.609640925278942,0.7369652936048645,FALSE,0,FALSE
S23D_T1,14.15543219666931,FALSE,2.8977347478682187,FALSE,21.353802108326168,0.48112647665208996,FALSE,0,FALSE
S23D_T2,6.145915939730372,FALSE,0.8988920841597313,FALSE,20.747144817899606,0.12553081377447128,FALSE,0,FALSE
S23E_T1,6.740681998413957,FALSE,2.3522577406853498,FALSE,20.88017016432772,0.007494532653641528,FALSE,0,FALSE
S23E_T2,7.0975416336241075,FALSE,5.951288325028401,FALSE,21.1142615023887,0.24158587071462279,FALSE,0,FALSE
S24D_T1,8.485329103885805,FALSE,0.21144663013119788,FALSE,20.876422898000897,0.0037472663268189876,FALSE,0,FALSE
S24D_T2,4.9167327517842985,FALSE,0.27663187649573995,FALSE,20.722341441113702,0.15033419056037545,FALSE,0,FALSE
S24E_T1,2.141157811260904,FALSE,1.4905056242579975,FALSE,20.688592669497087,0.1840829621769906,FALSE,0,FALSE
S24E_T2,8.16812053925456,FALSE,0.22000410698452727,FALSE,20.89133469926805,0.018659067593972622,FALSE,0,FALSE
S25D_T1,4.758128469468676,FALSE,0.539376511801043,FALSE,20.78755906370152,0.08511656797255895,FALSE,0,FALSE
S25D_T2,10.70578905630452,FALSE,0.538208590699829,FALSE,21.029180040107,0.15650440843292301,FALSE,0,FALSE
S25E_T1,10.586835844567803,FALSE,0.5091510342154923,FALSE,21.0492642768302,0.17658864515612294,FALSE,0,FALSE
S25E_T2,2.775574940523394,FALSE,1.0833987202552526,FALSE,20.6408533413643,0.23182229030977908,FALSE,0,FALSE
S26D_T1,12.886597938144329,FALSE,11.207304272446361,FALSE,20.63644141886924,0.23623421280483825,FALSE,0,FALSE
S26D_T2,7.295796986518637,FALSE,1.3455744693652874,FALSE,20.834586982458816,0.03808864921526123,FALSE,0,FALSE
S26E_T1,15.463917525773196,FALSE,16.56586018957278,TRUE,20.623096713366976,0.2495789183071011,FALSE,1,FALSE
S26E_T2,13.402061855670103,FALSE,5.972435919962247,FALSE,20.995072201914876,0.12239657024079875,FALSE,0,FALSE
S27D_T1,6.304520222045995,FALSE,8.262023295172677,FALSE,20.406654490182685,0.4660211414913924,FALSE,0,FALSE
S27D_T2,9.555908009516257,FALSE,3.7020170136643875,FALSE,20.75531874471416,0.11735688695991797,FALSE,0,FALSE
S27E_T1,6.621728786677241,FALSE,1.0736037692051372,FALSE,20.59149404082439,0.2811815908496875,FALSE,0,FALSE
S27E_T2,2.4583663758921492,FALSE,1.9720197235279582,FALSE,20.57772478528537,0.2949508463887085,FALSE,0,FALSE
S28D_T1,7.613005551149881,FALSE,21.15294066674905,TRUE,21.351105479949148,0.47842984827506996,FALSE,1,FALSE
S28D_T2,10.904044409199049,FALSE,2.679039921167516,FALSE,20.887625965393624,0.014950333719546904,FALSE,0,FALSE
S28E_T1,15.226011102299761,FALSE,2.595344963944242,FALSE,21.148796569957106,0.27612093828302875,FALSE,0,FALSE
S28E_T2,11.498810467882633,FALSE,1.491901777354372,FALSE,21.029180040107,0.15650440843292301,FALSE,0,FALSE
S29D_T1,13.877874702616971,FALSE,2.0894449358144076,FALSE,21.10789198032513,0.23521634865105412,FALSE,0,FALSE
S29D_T2,8.723235527359238,FALSE,0.07886979157338184,FALSE,21.008812251998197,0.13613662032411966,FALSE,0,FALSE
S29E_T1,8.24742268041237,FALSE,0.4611266947351248,FALSE,21.015633514629016,0.1429578829549385,FALSE,0,FALSE
S29E_T2,4.599524187153054,FALSE,0.7936283651726381,FALSE,20.883898064860674,0.011222433186595993,FALSE,0,FALSE
S2D_T1,10.547184773988898,FALSE,1.2502923436298814,FALSE,21.123759912059562,0.25108428038548425,FALSE,0,FALSE
S2D_T2,7.652656621728787,FALSE,3.00170317989529,FALSE,21.0492642768302,0.17658864515612294,FALSE,0,FALSE
S2E_T1,16.05868358445678,FALSE,2.541821226185316,FALSE,21.44253099481025,0.569855363136174,FALSE,0,FALSE
S2E_T2,1.9429024583663759,FALSE,1.808727619881643,FALSE,20.582334047354824,0.29034158431925405,FALSE,0,FALSE
S30D_T1,7.0975416336241075,FALSE,0.2877168278930021,FALSE,20.88017016432772,0.007494532653641528,FALSE,0,FALSE
S30D_T2,6.383822363203806,FALSE,0.08275534581042698,FALSE,20.865141962922717,0.007533668751360523,FALSE,0,FALSE
S30E_T1,12.331482950039652,FALSE,3.536544669207115,FALSE,21.0492642768302,0.17658864515612294,FALSE,0,FALSE
S30E_T2,7.375099127676448,FALSE,0.7401238052189969,FALSE,20.865122189433727,0.007553442240350705,FALSE,0,FALSE
S31D_T1,6.859635210150675,FALSE,1.8354097617313512,FALSE,20.73892431577871,0.13375131589536693,FALSE,0,FALSE
S31D_T2,13.877874702616971,FALSE,5.2435880432388,FALSE,21.158077715669066,0.28540208399498823,FALSE,0,FALSE
S31E_T1,16.455194290245835,FALSE,7.808104080824266,FALSE,21.467621967045346,0.5949463353712687,FALSE,0,FALSE
S31E_T2,14.195083267248215,FALSE,3.6070577417909355,FALSE,21.518932043276674,0.6462564116025966,FALSE,0,FALSE
S32D_T1,7.137192704203013,FALSE,1.2828078915676924,FALSE,20.857568747193376,0.01510688448070141,FALSE,0,FALSE
S32D_T2,5.273592386994449,FALSE,3.0068876895699717,FALSE,20.65403546815563,0.2186401635184474,FALSE,0,FALSE
S32E_T1,4.877081681205393,FALSE,1.3301461839201985,FALSE,20.680030661075,0.19264497059907626,FALSE,0,FALSE
S32E_T2,7.9302141157811255,FALSE,4.4125790315317674,FALSE,20.705565738116412,0.16710989355766515,FALSE,0,FALSE
S33D_T1,7.8509119746233145,FALSE,1.8816983145870938,FALSE,20.917069728262735,0.04439409658865756,FALSE,0,FALSE
S33D_T2,5.35289452815226,FALSE,1.6686834324242892,FALSE,20.75531874471416,0.11735688695991797,FALSE,0,FALSE
S33E_T1,4.004758128469469,FALSE,0.7865868507346857,FALSE,20.771528962788363,0.10114666888571477,FALSE,0,FALSE
S33E_T2,24.107850911974623,FALSE,13.826463141204336,TRUE,21.809311876570312,0.9366362448962349,TRUE,2,TRUE
S35D_T1,12.371134020618557,FALSE,1.39574700200963,FALSE,21.012222883313605,0.1395472516395273,FALSE,0,FALSE
S35D_T2,9.1593973037272,FALSE,0.6921294809184171,FALSE,21.095067945667196,0.22239231399311876,FALSE,0,FALSE
S35E_T1,11.141950832672483,FALSE,1.465410970957399,FALSE,21.07561559174392,0.20293996006984116,FALSE,0,FALSE
S35E_T2,5.273592386994449,FALSE,1.045206282075427,FALSE,20.771528962788363,0.10114666888571477,FALSE,0,FALSE
S36D_T1,9.000793021411578,FALSE,5.848672188457972,FALSE,20.73892431577871,0.13375131589536693,FALSE,0,FALSE
S36D_T2,15.463917525773196,FALSE,10.915675872347501,FALSE,21.065786423379883,0.1931107917058057,FALSE,0,FALSE
S36E_T1,5.908009516256938,FALSE,4.2975660862976595,FALSE,20.50688186826299,0.36579376341108727,FALSE,0,FALSE
S36E_T2,12.60904044409199,FALSE,8.910287628854398,FALSE,20.811275119679642,0.06140051199443519,FALSE,0,FALSE
S37D_T1,9.71451229183188,FALSE,0.572502956417465,FALSE,21.001958584213046,0.1292829525389685,FALSE,0,FALSE
S37D_T2,8.088818398096748,FALSE,1.5225708596793863,FALSE,20.872675631674078,0,FALSE,0,FALSE
S37E_T1,9.952418715305313,FALSE,3.6167948146204707,FALSE,20.763446621018453,0.10922901065562485,FALSE,0,FALSE
S37E_T2,7.969865186360031,FALSE,7.361477896869964,FALSE,20.535640842134196,0.33703478953988153,FALSE,0,FALSE
S3D_T1,7.335448057097542,FALSE,1.984336464764225,FALSE,20.84995556710103,0.022720064573046983,FALSE,0,FALSE
S3D_T2,4.004758128469469,FALSE,1.9072678493839348,FALSE,20.722341441113702,0.15033419056037545,FALSE,0,FALSE
S3E_T1,3.687549563838224,FALSE,2.052749715322575,FALSE,20.79550781243751,0.07716781923656768,FALSE,0,FALSE
S3E_T2,2.4583663758921492,FALSE,1.6761665187914636,FALSE,20.730656704533022,0.14201892714105568,FALSE,0,FALSE
S4D_T1,14.512291831879462,FALSE,56.8445601707519,TRUE,21.75531833717336,0.8826427054992827,TRUE,2,TRUE
S4D_T2,2.4187153053132437,FALSE,1.393608474926447,FALSE,20.834607610931553,0.03806802074252502,FALSE,0,FALSE
S4E_T1,8.287073750991276,FALSE,1.0146413842210829,FALSE,20.981200034002732,0.1085244023286549,FALSE,0,FALSE
S4E_T2,10.111022997620935,FALSE,0.8481945240196471,FALSE,21.0492642768302,0.17658864515612294,FALSE,0,FALSE
S5D_T1,9.238699444885013,FALSE,1.1609681548144009,FALSE,21.029180040107,0.15650440843292301,FALSE,0,FALSE
S5D_T2,2.775574940523394,FALSE,1.0259873882536488,FALSE,20.77954401324494,0.09313161842913686,FALSE,0,FALSE
S5E_T1,9.555908009516257,FALSE,0.7663492323106456,FALSE,20.95304900742166,0.08037337574758396,FALSE,0,FALSE
S5E_T2,8.842188739095956,FALSE,1.2044357556026997,FALSE,21.008812251998197,0.13613662032411966,FALSE,0,FALSE
S6D_T1,11.934972244250595,FALSE,0.2687991133353215,FALSE,20.73892431577871,0.13375131589536693,FALSE,0,FALSE
S6D_T2,20.539254559873115,FALSE,1.935475241909443,FALSE,21.290525216602624,0.41784958492854685,FALSE,0,FALSE
S6E_T1,2.53766851704996,FALSE,1.688097617970437,FALSE,20.60964137612093,0.26303425555314774,FALSE,0,FALSE
S7D_T1,4.004758128469469,FALSE,1.3252502194229456,FALSE,20.680030661075,0.19264497059907626,FALSE,0,FALSE
S7D_T2,1.8239492466296592,FALSE,2.034311304800311,FALSE,20.586914044089607,0.2857615875844708,FALSE,0,FALSE
S7E_T1,21.649484536082475,FALSE,3.9056785466948876,FALSE,21.67139123857234,0.7987156068982628,TRUE,1,FALSE
S7E_T2,0.753370340999207,FALSE,3.211626853515806,FALSE,20.63644141886924,0.23623421280483825,FALSE,0,FALSE
S8D_T1,2.6169706582077716,FALSE,1.728554327400483,FALSE,20.722341441113702,0.15033419056037545,FALSE,0,FALSE
S8D_T2,15.543219666931007,FALSE,1.567426957073891,FALSE,21.470105092637244,0.5974294609631663,FALSE,0,FALSE
S8E_T1,2.0618556701030926,FALSE,1.9182377445378807,FALSE,20.649650366007496,0.22302526566658187,FALSE,0,FALSE
S8E_T2,2.1808088818398095,FALSE,1.3728361606548658,FALSE,20.554499857059007,0.31817577461507085,FALSE,0,FALSE
S9D_T1,3.2117367168913558,FALSE,1.0712861472678616,FALSE,20.705565738116412,0.16710989355766515,FALSE,0,FALSE
S9D_T2,4.599524187153054,FALSE,0.8791235176712946,FALSE,20.73892431577871,0.13375131589536693,FALSE,0,FALSE
S9E_T1,2.022204599524187,FALSE,1.5133388652646511,FALSE,20.64526526385936,0.22741036781471635,FALSE,0,FALSE
S9E_T2,4.282315622521808,FALSE,1.4136384678940987,FALSE,20.64526526385936,0.22741036781471635,FALSE,0,FALSE
