"uniprot_id","protein","gene","description","n_seq","n_pro_seq","is_crap","Gene","Ensembl","in_hpa_muscle","in_blood_blacklist","flag_source"
"A0A075B6H9","LV469_HUMAN","IGLV4-69","Immunoglobulin lambda variable 4-69",1,1,FALSE,NA,NA,FALSE,TRUE,"Blood blacklist"
"A0A075B6I0","LV861_HUMAN","IGLV8-61","Immunoglobulin lambda variable 8-61",1,1,FALSE,NA,NA,FALSE,TRUE,"Blood blacklist"
"A0A075B6K4","LV310_HUMAN","IGLV3-10","Immunoglobulin lambda variable 3-10",1,1,FALSE,NA,NA,FALSE,TRUE,"Blood blacklist"
"A0A075B6K5","LV39_HUMAN","IGLV3-9","Immunoglobulin lambda variable 3-9",1,1,FALSE,NA,NA,FALSE,TRUE,"Blood blacklist"
"A0A075B6P5","KV228_HUMAN","IGKV2-28","Immunoglobulin kappa variable 2-28",2,0,FALSE,"IGKV2-28","ENSG00000244116",TRUE,TRUE,"Blood blacklist"
"A0A075B6R9","KV224_HUMAN","IGKV2-24","Probable non-functional immunoglobulin kappa variable 2D-24",2,0,FALSE,NA,NA,FALSE,TRUE,"Blood blacklist"
"A0A075B6S2","KVD29_HUMAN","IGKV2D-29","Immunoglobulin kappa variable 2D-29",3,1,FALSE,NA,NA,FALSE,TRUE,"Blood blacklist"
"A0A087WSY6","KVD15_HUMAN","IGKV3D-15","Immunoglobulin kappa variable 3D-15",2,1,FALSE,NA,NA,FALSE,TRUE,"Blood blacklist"
"A0A087WW87","KV240_HUMAN","IGKV2-40","Immunoglobulin kappa variable 2-40",1,0,FALSE,NA,NA,FALSE,TRUE,"Blood blacklist"
"A0A0A0MRZ8","KV311_HUMAN","IGKV3-11","Immunoglobulin kappa variable 3D-11",2,0,FALSE,NA,NA,FALSE,TRUE,"Blood blacklist"
"A0A0A0MS15","HV349_HUMAN","IGHV3-49","Immunoglobulin heavy variable 3-49",2,1,FALSE,NA,NA,FALSE,TRUE,"Blood blacklist"
"A0A0A0MT36","KVD21_HUMAN","IGKV6D-21","Immunoglobulin kappa variable 6D-21",1,0,FALSE,NA,NA,FALSE,TRUE,"Blood blacklist"
"A0A0B4J1U7","HV601_HUMAN","IGHV6-1","Immunoglobulin heavy variable 6-1",2,2,FALSE,NA,NA,FALSE,TRUE,"Blood blacklist"
"A0A0B4J1V0","HV315_HUMAN","IGHV3-15","Immunoglobulin heavy variable 3-15",3,2,FALSE,NA,NA,FALSE,TRUE,"Blood blacklist"
"A0A0B4J1X5","HV374_HUMAN","IGHV3-74","Immunoglobulin heavy variable 3-74",4,2,FALSE,NA,NA,FALSE,TRUE,"Blood blacklist"
"A0A0B4J1X8","HV343_HUMAN","IGHV3-43","Immunoglobulin heavy variable 3-43",1,1,FALSE,NA,NA,FALSE,TRUE,"Blood blacklist"
"A0A0B4J1Y9","HV372_HUMAN","IGHV3-72","Immunoglobulin heavy variable 3-72",2,2,FALSE,NA,NA,FALSE,TRUE,"Blood blacklist"
"A0A0B4J2D9","KV113_HUMAN","IGKV1-13","Immunoglobulin kappa variable 1D-13",1,0,FALSE,NA,NA,FALSE,TRUE,"Blood blacklist"
"A0A0C4DH25","KVD20_HUMAN","IGKV3D-20","Immunoglobulin kappa variable 3D-20",1,1,FALSE,NA,NA,FALSE,TRUE,"Blood blacklist"
"A0A0C4DH31","HV118_HUMAN","IGHV1-18","Immunoglobulin heavy variable 1-18",1,1,FALSE,NA,NA,FALSE,TRUE,"Blood blacklist"
"A0A0C4DH34","HV428_HUMAN","IGHV4-28","Immunoglobulin heavy variable 4-28",1,1,FALSE,NA,NA,FALSE,TRUE,"Blood blacklist"
"A0A0C4DH35","HV335_HUMAN","IGHV3-35","Probable non-functional immunoglobulin heavy variable 3-35",1,1,FALSE,NA,NA,FALSE,TRUE,"Blood blacklist"
"A0A0C4DH38","HV551_HUMAN","IGHV5-51","Immunoglobulin heavy variable 5-51",4,2,FALSE,NA,NA,FALSE,TRUE,"Blood blacklist"
"A0A0C4DH43","HV70D_HUMAN","IGHV2-70D","Immunoglobulin heavy variable 2-70D",1,1,FALSE,NA,NA,FALSE,TRUE,"Blood blacklist"
"A0A0C4DH67","KV108_HUMAN","IGKV1-8","Immunoglobulin kappa variable 1-8",2,0,FALSE,NA,NA,FALSE,TRUE,"Blood blacklist"
"A0A0J9YX35","HV64D_HUMAN","IGHV3-64D","Immunoglobulin heavy variable 3-64D",1,1,FALSE,NA,NA,FALSE,TRUE,"Blood blacklist"
"A0M8Q6","IGLC7_HUMAN","IGLC7","Immunoglobulin lambda constant 7",4,2,FALSE,NA,NA,FALSE,TRUE,"Blood blacklist"
"B9A064","IGLL5_HUMAN","IGLL5","Immunoglobulin lambda-like polypeptide 5",6,1,FALSE,NA,NA,FALSE,TRUE,"Blood blacklist"
"O14791","APOL1_HUMAN","APOL1","Apolipoprotein L1",4,4,FALSE,"APOL1","ENSG00000100342",TRUE,TRUE,"Blood blacklist"
"O43790","KRT86_HUMAN","KRT86","Keratin, type II cuticular Hb6",5,0,TRUE,NA,NA,FALSE,TRUE,"Blood blacklist"
"O95445","APOM_HUMAN","APOM","Apolipoprotein M",4,4,FALSE,"APOM","ENSG00000204444",TRUE,TRUE,"Blood blacklist"
"P00488","F13A_HUMAN","F13A1","Coagulation factor XIII A chain",11,11,FALSE,"F13A1","ENSG00000124491",TRUE,TRUE,"Blood blacklist"
"P00734","THRB_HUMAN","F2","Prothrombin",20,20,FALSE,NA,NA,FALSE,TRUE,"Blood blacklist"
"P00738","HPT_HUMAN","HP","Haptoglobin",25,11,FALSE,"HP","ENSG00000257017",TRUE,TRUE,"Blood blacklist"
"P00742","FA10_HUMAN","F10","Coagulation factor X",2,2,FALSE,"F10","ENSG00000126218",TRUE,TRUE,"Blood blacklist"
"P00747","PLMN_HUMAN","PLG","Plasminogen",30,26,FALSE,NA,NA,FALSE,TRUE,"Blood blacklist"
"P00751","CFAB_HUMAN","CFB","Complement factor B",21,21,FALSE,"CFB","ENSG00000243649",TRUE,TRUE,"Blood blacklist"
"P01008","ANT3_HUMAN","SERPINC1","Antithrombin-III",20,0,TRUE,NA,NA,FALSE,TRUE,"Blood blacklist"
"P01009","A1AT_HUMAN","SERPINA1","Alpha-1-antitrypsin",26,25,FALSE,"SERPINA1","ENSG00000197249",TRUE,TRUE,"Blood blacklist"
"P01023","A2MG_HUMAN","A2M","Alpha-2-macroglobulin",74,64,FALSE,"A2M","ENSG00000175899",TRUE,TRUE,"Blood blacklist"
"P01024","CO3_HUMAN","C3","Complement C3",94,93,FALSE,"C3","ENSG00000125730",TRUE,TRUE,"Blood blacklist"
"P01031","CO5_HUMAN","C5","Complement C5",14,0,TRUE,NA,NA,FALSE,TRUE,"Blood blacklist"
"P01042","KNG1_HUMAN","KNG1","Kininogen-1",22,22,FALSE,NA,NA,FALSE,TRUE,"Blood blacklist"
"P01591","IGJ_HUMAN","JCHAIN","Immunoglobulin J chain",5,5,FALSE,"JCHAIN","ENSG00000132465",TRUE,TRUE,"Blood blacklist"
"P01593","KV133_HUMAN","IGKV1-33","Immunoglobulin kappa variable 1D-33",1,0,FALSE,NA,NA,FALSE,TRUE,"Blood blacklist"
"P01597","KV139_HUMAN","IGKV1-39","Immunoglobulin kappa variable 1-39",2,0,FALSE,NA,NA,FALSE,TRUE,"Blood blacklist"
"P01599","KV117_HUMAN","IGKV1-17","Immunoglobulin kappa variable 1-17",1,0,FALSE,"IGKV1-17","ENSG00000240382",TRUE,TRUE,"Blood blacklist"
"P01602","KV105_HUMAN","IGKV1-5","Immunoglobulin kappa variable 1-5",1,1,FALSE,NA,NA,FALSE,TRUE,"Blood blacklist"
"P01619","KV320_HUMAN","IGKV3-20","Immunoglobulin kappa variable 3-20",4,2,FALSE,"IGKV3-20","ENSG00000239951",TRUE,TRUE,"Blood blacklist"
"P01624","KV315_HUMAN","IGKV3-15","Immunoglobulin kappa variable 3-15",1,0,FALSE,"IGKV3-15","ENSG00000244437",TRUE,TRUE,"Blood blacklist"
"P01700","LV147_HUMAN","IGLV1-47","Immunoglobulin lambda variable 1-47",2,1,FALSE,NA,NA,FALSE,TRUE,"Blood blacklist"
"P01701","LV151_HUMAN","IGLV1-51","Immunoglobulin lambda variable 1-51",1,1,FALSE,"IGLV1-51","ENSG00000211644",TRUE,TRUE,"Blood blacklist"
"P01703","LV140_HUMAN","IGLV1-40","Immunoglobulin lambda variable 1-40",1,1,FALSE,"IGLV1-40","ENSG00000211653",TRUE,TRUE,"Blood blacklist"
"P01704","LV214_HUMAN","IGLV2-14","Immunoglobulin lambda variable 2-14",1,1,FALSE,"IGLV2-14","ENSG00000211666",TRUE,TRUE,"Blood blacklist"
"P01705","LV223_HUMAN","IGLV2-23","Immunoglobulin lambda variable 2-23",1,1,FALSE,NA,NA,FALSE,TRUE,"Blood blacklist"
"P01706","LV211_HUMAN","IGLV2-11","Immunoglobulin lambda variable 2-11",1,1,FALSE,"IGLV2-11","ENSG00000211668",TRUE,TRUE,"Blood blacklist"
"P01714","LV319_HUMAN","IGLV3-19","Immunoglobulin lambda variable 3-19",1,1,FALSE,NA,NA,FALSE,TRUE,"Blood blacklist"
"P01717","LV325_HUMAN","IGLV3-25","Immunoglobulin lambda variable 3-25",3,0,FALSE,NA,NA,FALSE,TRUE,"Blood blacklist"
"P01721","LV657_HUMAN","IGLV6-57","Immunoglobulin lambda variable 6-57",2,2,FALSE,NA,NA,FALSE,TRUE,"Blood blacklist"
"P01742","HV169_HUMAN","IGHV1-69","Immunoglobulin heavy variable 1-69",2,1,FALSE,NA,NA,FALSE,TRUE,"Blood blacklist"
"P01766","HV313_HUMAN","IGHV3-13","Immunoglobulin heavy variable 3-13",1,1,FALSE,NA,NA,FALSE,TRUE,"Blood blacklist"
"P01768","HV330_HUMAN","IGHV3-30","Immunoglobulin heavy variable 3-30",2,0,FALSE,NA,NA,FALSE,TRUE,"Blood blacklist"
"P01780","HV307_HUMAN","IGHV3-7","Immunoglobulin heavy variable 3-7",3,2,FALSE,"IGHV3-7","ENSG00000211938",TRUE,TRUE,"Blood blacklist"
"P01782","HV309_HUMAN","IGHV3-43D","Immunoglobulin heavy variable 3-9",1,0,FALSE,NA,NA,FALSE,TRUE,"Blood blacklist"
"P01817","HV205_HUMAN","IGHV2-5","Immunoglobulin heavy variable 2-5",1,1,FALSE,NA,NA,FALSE,TRUE,"Blood blacklist"
"P01834","IGKC_HUMAN","IGKC","Immunoglobulin kappa constant",7,7,FALSE,NA,NA,FALSE,TRUE,"Blood blacklist"
"P01857","IGHG1_HUMAN","IGHG1","Immunoglobulin heavy constant gamma 1",13,7,FALSE,"IGHG1","ENSG00000211896",TRUE,TRUE,"Blood blacklist"
"P01859","IGHG2_HUMAN","IGHG2","Immunoglobulin heavy constant gamma 2",8,7,FALSE,"IGHG2","ENSG00000211893",TRUE,TRUE,"Blood blacklist"
"P01860","IGHG3_HUMAN","IGHG3","Immunoglobulin heavy constant gamma 3",6,6,FALSE,NA,NA,FALSE,TRUE,"Blood blacklist"
"P01861","IGHG4_HUMAN","IGHG4","Immunoglobulin heavy constant gamma 4",14,8,FALSE,NA,NA,FALSE,TRUE,"Blood blacklist"
"P01871","IGHM_HUMAN","IGHM","Immunoglobulin heavy constant mu",17,17,FALSE,"IGHM","ENSG00000211899",TRUE,TRUE,"Blood blacklist"
"P01876","IGHA1_HUMAN","IGHA1","Immunoglobulin heavy constant alpha 1",13,8,FALSE,"IGHA1","ENSG00000211895",TRUE,TRUE,"Blood blacklist"
"P01877","IGHA2_HUMAN","IGHA2","Immunoglobulin heavy constant alpha 2",4,4,FALSE,"IGHA2","ENSG00000211890",TRUE,TRUE,"Blood blacklist"
"P01880","IGHD_HUMAN","IGHD","Immunoglobulin heavy constant delta",8,8,FALSE,NA,NA,FALSE,TRUE,"Blood blacklist"
"P02008","HBAZ_HUMAN","HBZ","Hemoglobin subunit zeta",8,7,FALSE,NA,NA,FALSE,TRUE,"Blood blacklist"
"P02042","HBD_HUMAN","HBD","Hemoglobin subunit delta",17,9,FALSE,NA,NA,FALSE,TRUE,"Blood blacklist"
"P02533","K1C14_HUMAN","KRT14","Keratin, type I cytoskeletal 14",6,1,FALSE,"KRT14","ENSG00000186847",TRUE,TRUE,"Blood blacklist"
"P02538","K2C6A_HUMAN","KRT6A","Keratin, type II cytoskeletal 6A",1,0,FALSE,"KRT6A","ENSG00000205420",TRUE,TRUE,"Blood blacklist"
"P02647","APOA1_HUMAN","APOA1","Apolipoprotein A-I",25,25,FALSE,NA,NA,FALSE,TRUE,"Blood blacklist"
"P02649","APOE_HUMAN","APOE","Apolipoprotein E",14,14,FALSE,"APOE","ENSG00000130203",TRUE,TRUE,"Blood blacklist"
"P02652","APOA2_HUMAN","APOA2","Apolipoprotein A-II",6,6,FALSE,NA,NA,FALSE,TRUE,"Blood blacklist"
"P02654","APOC1_HUMAN","APOC1","Apolipoprotein C-I",3,3,FALSE,"APOC1","ENSG00000130208",TRUE,TRUE,"Blood blacklist"
"P02655","APOC2_HUMAN","APOC2","Apolipoprotein C-II",4,4,FALSE,"APOC2","ENSG00000234906",TRUE,TRUE,"Blood blacklist"
"P02656","APOC3_HUMAN","APOC3","Apolipoprotein C-III",3,3,FALSE,NA,NA,FALSE,TRUE,"Blood blacklist"
"P02671","FIBA_HUMAN","FGA","Fibrinogen alpha chain",30,30,FALSE,NA,NA,FALSE,TRUE,"Blood blacklist"
"P02675","FIBB_HUMAN","FGB","Fibrinogen beta chain",23,23,FALSE,NA,NA,FALSE,TRUE,"Blood blacklist"
"P02679","FIBG_HUMAN","FGG","Fibrinogen gamma chain",23,23,FALSE,NA,NA,FALSE,TRUE,"Blood blacklist"
"P02746","C1QB_HUMAN","C1QB","Complement C1q subcomponent subunit B",4,4,FALSE,NA,NA,FALSE,TRUE,"Blood blacklist"
"P02747","C1QC_HUMAN","C1QC","Complement C1q subcomponent subunit C",5,5,FALSE,"C1QC","ENSG00000159189",TRUE,TRUE,"Blood blacklist"
"P02748","CO9_HUMAN","C9","Complement component C9",11,11,FALSE,NA,NA,FALSE,TRUE,"Blood blacklist"
"P02749","APOH_HUMAN","APOH","Beta-2-glycoprotein 1",12,12,FALSE,NA,NA,FALSE,TRUE,"Blood blacklist"
"P02763","A1AG1_HUMAN","ORM1","Alpha-1-acid glycoprotein 1",6,6,FALSE,"ORM1","ENSG00000229314",TRUE,TRUE,"Blood blacklist"
"P02765","FETUA_HUMAN","AHSG","Alpha-2-HS-glycoprotein",8,7,FALSE,NA,NA,FALSE,TRUE,"Blood blacklist"
"P02766","TTHY_HUMAN","TTR","Transthyretin",5,5,FALSE,"TTR","ENSG00000118271",TRUE,TRUE,"Blood blacklist"
"P02768","ALBU_HUMAN","ALB","Serum albumin",61,0,TRUE,"ALB","ENSG00000163631",TRUE,TRUE,"Blood blacklist"
"P02774","VTDB_HUMAN","GC","Vitamin D-binding protein",28,28,FALSE,NA,NA,FALSE,TRUE,"Blood blacklist"
"P02775","CXCL7_HUMAN","PPBP","Platelet basic protein",4,4,FALSE,"PPBP","ENSG00000163736",TRUE,TRUE,"Blood blacklist"
"P02776","PLF4_HUMAN","PF4","Platelet factor 4",3,1,FALSE,NA,NA,FALSE,TRUE,"Blood blacklist"
"P02787","TRFE_HUMAN","TF","Serotransferrin",46,0,TRUE,"TF","ENSG00000091513",TRUE,TRUE,"Blood blacklist"
"P02790","HEMO_HUMAN","HPX","Hemopexin",20,20,FALSE,NA,NA,FALSE,TRUE,"Blood blacklist"
"P04003","C4BPA_HUMAN","C4BPA","C4b-binding protein alpha chain",16,16,FALSE,NA,NA,FALSE,TRUE,"Blood blacklist"
"P04114","APOB_HUMAN","APOB","Apolipoprotein B-100",147,147,FALSE,NA,NA,FALSE,TRUE,"Blood blacklist"
"P04217","A1BG_HUMAN","A1BG","Alpha-1B-glycoprotein",13,13,FALSE,NA,NA,FALSE,TRUE,"Blood blacklist"
"P04264","K2C1_HUMAN","KRT1","Keratin, type II cytoskeletal 1",26,0,TRUE,"KRT1","ENSG00000167768",TRUE,TRUE,"Blood blacklist"
"P04275","VWF_HUMAN","VWF","von Willebrand factor",13,13,FALSE,"VWF","ENSG00000110799",TRUE,TRUE,"Blood blacklist"
"P04430","KV116_HUMAN","IGKV1-16","Immunoglobulin kappa variable 1-16",1,1,FALSE,NA,NA,FALSE,TRUE,"Blood blacklist"
"P05090","APOD_HUMAN","APOD","Apolipoprotein D",8,8,FALSE,"APOD","ENSG00000189058",TRUE,TRUE,"Blood blacklist"
"P05155","IC1_HUMAN","SERPING1","Plasma protease C1 inhibitor",15,15,FALSE,"SERPING1","ENSG00000149131",TRUE,TRUE,"Blood blacklist"
"P05156","CFAI_HUMAN","CFI","Complement factor I",9,9,FALSE,"CFI","ENSG00000205403",TRUE,TRUE,"Blood blacklist"
"P05160","F13B_HUMAN","F13B","Coagulation factor XIII B chain",5,5,FALSE,NA,NA,FALSE,TRUE,"Blood blacklist"
"P05546","HEP2_HUMAN","SERPIND1","Heparin cofactor 2",12,12,FALSE,NA,NA,FALSE,TRUE,"Blood blacklist"
"P06310","KV230_HUMAN","IGKV2-30","Immunoglobulin kappa variable 2-30",1,1,FALSE,NA,NA,FALSE,TRUE,"Blood blacklist"
"P06312","KV401_HUMAN","IGKV4-1","Immunoglobulin kappa variable 4-1",3,3,FALSE,"IGKV4-1","ENSG00000211598",TRUE,TRUE,"Blood blacklist"
"P06331","HV434_HUMAN","IGHV4-34","Immunoglobulin heavy variable 4-34",2,0,FALSE,NA,NA,FALSE,TRUE,"Blood blacklist"
"P06727","APOA4_HUMAN","APOA4","Apolipoprotein A-IV",25,25,FALSE,NA,NA,FALSE,TRUE,"Blood blacklist"
"P07225","PROS_HUMAN","PROS1","Vitamin K-dependent protein S",6,6,FALSE,"PROS1","ENSG00000184500",TRUE,TRUE,"Blood blacklist"
"P07357","CO8A_HUMAN","C8A","Complement component C8 alpha chain",10,10,FALSE,NA,NA,FALSE,TRUE,"Blood blacklist"
"P07358","CO8B_HUMAN","C8B","Complement component C8 beta chain",13,13,FALSE,NA,NA,FALSE,TRUE,"Blood blacklist"
"P07360","CO8G_HUMAN","C8G","Complement component C8 gamma chain",3,3,FALSE,"C8G","ENSG00000176919",TRUE,TRUE,"Blood blacklist"
"P07996","TSP1_HUMAN","THBS1","Thrombospondin-1",28,27,FALSE,"THBS1","ENSG00000137801",TRUE,TRUE,"Blood blacklist"
"P08603","CFAH_HUMAN","CFH","Complement factor H",46,44,FALSE,"CFH","ENSG00000000971",TRUE,TRUE,"Blood blacklist"
"P08779","K1C16_HUMAN","KRT16","Keratin, type I cytoskeletal 16",2,2,FALSE,NA,NA,FALSE,TRUE,"Blood blacklist"
"P09105","HBAT_HUMAN","HBQ1","Hemoglobin subunit theta-1",6,6,FALSE,NA,NA,FALSE,TRUE,"Blood blacklist"
"P0C0L4","CO4A_HUMAN","C4A","Complement C4-A",3,3,FALSE,"C4A","ENSG00000244731",TRUE,TRUE,"Blood blacklist"
"P0C0L5","CO4B_HUMAN","C4B","Complement C4-B",63,2,FALSE,NA,NA,FALSE,TRUE,"Blood blacklist"
"P0DJI8","SAA1_HUMAN","SAA1","Serum amyloid A-1 protein",1,1,FALSE,"SAA1","ENSG00000173432",TRUE,TRUE,"Blood blacklist"
"P0DOY2","IGLC2_HUMAN","IGLC2","Immunoglobulin lambda constant 2",2,0,FALSE,"IGLC2","ENSG00000211677",TRUE,TRUE,"Blood blacklist"
"P10643","CO7_HUMAN","C7","Complement component C7",12,12,FALSE,"C7","ENSG00000112936",TRUE,TRUE,"Blood blacklist"
"P10909","CLUS_HUMAN","CLU","Clusterin",11,11,FALSE,"CLU","ENSG00000120885",TRUE,TRUE,"Blood blacklist"
"P13645","K1C10_HUMAN","KRT10","Keratin, type I cytoskeletal 10",19,0,TRUE,"KRT10","ENSG00000186395",TRUE,TRUE,"Blood blacklist"
"P13646","K1C13_HUMAN","KRT13","Keratin, type I cytoskeletal 13",3,2,FALSE,"KRT13","ENSG00000171401",TRUE,TRUE,"Blood blacklist"
"P13647","K2C5_HUMAN","KRT5","Keratin, type II cytoskeletal 5",6,2,FALSE,"KRT5","ENSG00000186081",TRUE,TRUE,"Blood blacklist"
"P13671","CO6_HUMAN","C6","Complement component C6",11,11,FALSE,NA,NA,FALSE,TRUE,"Blood blacklist"
"P19652","A1AG2_HUMAN","ORM2","Alpha-1-acid glycoprotein 2",10,7,FALSE,NA,NA,FALSE,TRUE,"Blood blacklist"
"P19823","ITIH2_HUMAN","ITIH2","Inter-alpha-trypsin inhibitor heavy chain H2",18,18,FALSE,NA,NA,FALSE,TRUE,"Blood blacklist"
"P19827","ITIH1_HUMAN","ITIH1","Inter-alpha-trypsin inhibitor heavy chain H1",17,17,FALSE,NA,NA,FALSE,TRUE,"Blood blacklist"
"P20851","C4BPB_HUMAN","C4BPB","C4b-binding protein beta chain",2,2,FALSE,NA,NA,FALSE,TRUE,"Blood blacklist"
"P23083","HV102_HUMAN","IGHV1-2","Immunoglobulin heavy variable 1-2",2,1,FALSE,NA,NA,FALSE,TRUE,"Blood blacklist"
"P35527","K1C9_HUMAN","KRT9","Keratin, type I cytoskeletal 9",17,0,TRUE,NA,NA,FALSE,TRUE,"Blood blacklist"
"P35908","K22E_HUMAN","KRT2","Keratin, type II cytoskeletal 2 epidermal",14,0,TRUE,"KRT2","ENSG00000172867",TRUE,TRUE,"Blood blacklist"
"P61626","LYSC_HUMAN","LYZ","Lysozyme C",3,0,TRUE,"LYZ","ENSG00000090382",TRUE,TRUE,"Blood blacklist"
"P68871","HBB_HUMAN","HBB","Hemoglobin subunit beta",14,0,TRUE,"HBB","ENSG00000244734",TRUE,TRUE,"Blood blacklist"
"P69891","HBG1_HUMAN","HBG1","Hemoglobin subunit gamma-1",10,1,FALSE,NA,NA,FALSE,TRUE,"Blood blacklist"
"P69892","HBG2_HUMAN","HBG2","Hemoglobin subunit gamma-2",1,1,FALSE,"HBG2","ENSG00000196565",TRUE,TRUE,"Blood blacklist"
"P69905","HBA_HUMAN","HBA1","Hemoglobin subunit alpha",16,0,TRUE,"HBA1","ENSG00000206172",TRUE,TRUE,"Blood blacklist"
"P80748","LV321_HUMAN","IGLV3-21","Immunoglobulin lambda variable 3-21",4,2,FALSE,NA,NA,FALSE,TRUE,"Blood blacklist"
"Q06033","ITIH3_HUMAN","ITIH3","Inter-alpha-trypsin inhibitor heavy chain H3",2,2,FALSE,NA,NA,FALSE,TRUE,"Blood blacklist"
"Q14624","ITIH4_HUMAN","ITIH4","Inter-alpha-trypsin inhibitor heavy chain H4",22,22,FALSE,"ITIH4","ENSG00000055955",TRUE,TRUE,"Blood blacklist"
"Q15323","K1H1_HUMAN","KRT31","Keratin, type I cuticular Ha1",1,0,TRUE,"KRT31","ENSG00000094796",TRUE,TRUE,"Blood blacklist"
"Q6B0K9","HBM_HUMAN","HBM","Hemoglobin subunit mu",1,1,FALSE,NA,NA,FALSE,TRUE,"Blood blacklist"
"Q7Z794","K2C1B_HUMAN","KRT77","Keratin, type II cytoskeletal 1b",2,0,FALSE,NA,NA,FALSE,TRUE,"Blood blacklist"
"Q9BQE5","APOL2_HUMAN","APOL2","Apolipoprotein L2",6,6,FALSE,"APOL2","ENSG00000128335",TRUE,TRUE,"Blood blacklist"
"Q9BYR8","KRA31_HUMAN","KRTAP3-1","Keratin-associated protein 3-1",1,1,FALSE,NA,NA,FALSE,TRUE,"Blood blacklist"
"Q9NZD4","AHSP_HUMAN","AHSP","Alpha-hemoglobin-stabilizing protein",5,5,FALSE,NA,NA,FALSE,TRUE,"Blood blacklist"
